words,caption,url
scum,BREAKING: Trump says we’re back at war with Iran,https://www.tiktok.com/@democrats/video/7660170017274694926
nasty,NASTY 🤮,https://www.tiktok.com/@democrats/video/7652755291661929742
stupid,looks stupid af🥀,https://www.tiktok.com/@democrats/video/7649799936522865934
ugly,"thank you, mr. president! ",https://www.tiktok.com/@democrats/video/7649488257679412494
dumbass,get his dumbass outta here 🗣️,https://www.tiktok.com/@democrats/video/7649440565506903309
dumb,and they still look dumb ,https://www.tiktok.com/@democrats/video/7647219370422242574
disgusting,disgusting.,https://www.tiktok.com/@democrats/video/7646905558888385806
ugly,ugly inside and out 🙂‍↕️,https://www.tiktok.com/@democrats/video/7644980788047383821
bitch,wtf,https://www.tiktok.com/@democrats/video/7637533126666882317
filthy piggy,TikTok video #7632428464586427661,https://www.tiktok.com/@democrats/video/7632428464586427661
piggy,trump trivia ,https://www.tiktok.com/@democrats/video/7631300294206360845
ugly,looking ugly per usual  ,https://www.tiktok.com/@democrats/video/7628666598760385806
unhinged,even the pope??,https://www.tiktok.com/@democrats/video/7628265412429499661
stupid,TikTok video #7627206740626525453,https://www.tiktok.com/@democrats/video/7627206740626525453
nasty,🤮,https://www.tiktok.com/@democrats/video/7626801424776563982
ugly,you’ll always find your way back home ✨,https://www.tiktok.com/@democrats/video/7621282572986813709
disgraceful,TikTok video #7620859301090839822,https://www.tiktok.com/@democrats/video/7620859301090839822
disgusting,real american patriots 🇺🇸,https://www.tiktok.com/@democrats/video/7619342107492371725
idiot,she’s not wrong ,https://www.tiktok.com/@democrats/video/7618612905147141389
weird,🤭,https://www.tiktok.com/@democrats/video/7617911383870442765
nasty,nasty ,https://www.tiktok.com/@democrats/video/7616419638489992462
gross,gross,https://www.tiktok.com/@democrats/video/7616394922098265357
bitch idiot,the maga agenda,https://www.tiktok.com/@democrats/video/7615757238908505374
filthy,TikTok video #7613790359415573774,https://www.tiktok.com/@democrats/video/7613790359415573774
disgraceful,disgraceful.,https://www.tiktok.com/@democrats/video/7611973216839503117
loser,🤔,https://www.tiktok.com/@democrats/video/7610914293541768461
creep,yikes!,https://www.tiktok.com/@democrats/video/7609062959163215117
loser,yikes!,https://www.tiktok.com/@democrats/video/7605657279567908110
loser,america’s greatest,https://www.tiktok.com/@democrats/video/7605349229556550925
bitch cringe dumbass,TikTok video #7605003418888867085,https://www.tiktok.com/@democrats/video/7605003418888867085
idiot,🔥,https://www.tiktok.com/@democrats/video/7604647624234257677
disgusting,disgusting ,https://www.tiktok.com/@democrats/video/7603859153852976398
disgusting,disgusting.,https://www.tiktok.com/@democrats/video/7603038454250802446
stupid ugly,on top of the other 34,https://www.tiktok.com/@democrats/video/7602757950070902030
disgusting,"The parents of Alex Pretti, the man shot and killed by Trump’s federa...",https://www.tiktok.com/@democrats/video/7599671240445447454
ugly,😈,https://www.tiktok.com/@democrats/video/7597872229052845326
disgusting filthy,TikTok video #7582336970983001358,https://www.tiktok.com/@democrats/video/7582336970983001358
bitch clown,TikTok video #7581651346214931725,https://www.tiktok.com/@democrats/video/7581651346214931725
disgusting,👑,https://www.tiktok.com/@democrats/video/7580435206256069901
weird,🥀,https://www.tiktok.com/@democrats/video/7579327885698206990
disgusting,have you ever tried this one? 🖕,https://www.tiktok.com/@democrats/video/7579307432036355383
piggy,🤨,https://www.tiktok.com/@democrats/video/7575230665340308749
disgusting,disgusting ,https://www.tiktok.com/@democrats/video/7572319079852182798
unhinged,💩 ,https://www.tiktok.com/@democrats/video/7561605907608522039
creepy weird,Swear her in. Release the files. ,https://www.tiktok.com/@democrats/video/7561191339019291918
weird,TikTok video #7561124598314487054,https://www.tiktok.com/@democrats/video/7561124598314487054
unhinged,Governor Pritzker has a simple message for Trump. ,https://www.tiktok.com/@democrats/video/7558949684631457079
unhinged,“our enemies are laughing.”,https://www.tiktok.com/@democrats/video/7556719328557534477
pathetic,low energy. sad! ,https://www.tiktok.com/@democrats/video/7553362907283639607
weird,"that’s suspicious, that’s weird",https://www.tiktok.com/@democrats/video/7547834370590002487
bitch,lol,https://www.tiktok.com/@democrats/video/7538122373833215246
disgusting,wow 😳,https://www.tiktok.com/@democrats/video/7533025344803048717
unhinged,he wants melania’s job so bad 😭 ,https://www.tiktok.com/@democrats/video/7517308194176158990
stupid,💔,https://www.tiktok.com/@democrats/video/7512876495279361326
stupid,TikTok video #7512583982710590766,https://www.tiktok.com/@democrats/video/7512583982710590766
cringe,🥴🥀,https://www.tiktok.com/@democrats/video/7499479717444193582
loser,TikTok video #7488544412524416298,https://www.tiktok.com/@democrats/video/7488544412524416298
insane,erm…?,https://www.tiktok.com/@democrats/video/7481820115604884779
ugly,TikTok video #7480658365589343534,https://www.tiktok.com/@democrats/video/7480658365589343534
disgraceful,lol 🤨,https://www.tiktok.com/@democrats/video/7478539812669066539
stupid,TikTok video #7450525850342182190,https://www.tiktok.com/@democrats/video/7450525850342182190
insane,TikTok video #7445075096546413867,https://www.tiktok.com/@democrats/video/7445075096546413867
insane,these crowds are insane!,https://www.tiktok.com/@democrats/video/7433652865089998126
unhinged,Trump is increasingly unhinged!,https://www.tiktok.com/@democrats/video/7432398631975521578
clown,Is he wrong though? 😏,https://www.tiktok.com/@democrats/video/7428697162957016362
stupid,🤣🤣🤣,https://www.tiktok.com/@democrats/video/7427156865017990443
unhinged,We can’t let this happen,https://www.tiktok.com/@democrats/video/7426859917568396590
unhinged,Well said from VP Harris here,https://www.tiktok.com/@democrats/video/7426484952331603230
stupid,Did he really just say that??,https://www.tiktok.com/@democrats/video/7426403405813321003
dumb,Trump will not protect women,https://www.tiktok.com/@democrats/video/7425660280388046123
stupid,A con artist shouldn’t run this country!,https://www.tiktok.com/@democrats/video/7423811248418082090
idiot,‼️‼️,https://www.tiktok.com/@democrats/video/7423798823912230187
weird,she’s all in 👑 ,https://www.tiktok.com/@democrats/video/7422693723781238062
disgusting,Banning abortion isn’t what we’d call protecting women at a “level ne...,https://www.tiktok.com/@democrats/video/7418642560224169259
hack,TikTok video #7409041967083982111,https://www.tiktok.com/@democrats/video/7409041967083982111
disgusting,This is who Donald Trump is,https://www.tiktok.com/@democrats/video/7408586930411064618
weird,TikTok video #7402987614078422318,https://www.tiktok.com/@democrats/video/7402987614078422318
weird,We couldn’t agree more,https://www.tiktok.com/@democrats/video/7397509319903743274
idiot,TikTok video #7392349852295892255,https://www.tiktok.com/@democrats/video/7392349852295892255
loser,TikTok video #7344104599151775018,https://www.tiktok.com/@democrats/video/7344104599151775018
freak,"Yes, Josh Hutcherson has seen our whistle edit 🤭 #dnc #thedemocrats #...",https://www.tiktok.com/@democrats/video/7322539430277942570
weirdo,Ron:🧍‍♂️,https://www.tiktok.com/@democrats/video/7319961119479565611
weird,Republicans still in disarray... #dnc #thedemocrats #houseofrepresent...,https://www.tiktok.com/@democrats/video/7291072429173083422
pathetic,Extremely rare Gaetz W. #dnc #thedemocrats ,https://www.tiktok.com/@democrats/video/7279911963981778219
stupid,Let’s elect Val Demings to the Senate. 🏳️‍🌈 #thedemocrats #florida #l...,https://www.tiktok.com/@democrats/video/7160689558961589547
stupid,"This November, we can help @valdemings unseat Marco Rubio. #dnc #thed...",https://www.tiktok.com/@democrats/video/7144796541524380970
