id,account,url,title,description,upload_date,duration,view_count,like_count,comment_count,repost_count,tags,track,track_artist,is_photo_carousel
7668749917220850974,republicans,https://www.tiktok.com/@republicans/video/7668749917220850974,🫡🫡🛫🛫,🫡🫡🛫🛫,20260731,13,10600,1117,92,10,,original sound,🧍🏾‍♀️🧍🏾‍♀️,False
7668723634722131231,republicans,https://www.tiktok.com/@republicans/video/7668723634722131231,This November common sense is on the line!,This November common sense is on the line!,20260731,10,26000,5779,192,112,,original sound,Coconut 🥥,False
7668421577813363998,republicans,https://www.tiktok.com/@republicans/video/7668421577813363998,😎😎,😎😎,20260730,16,141500,17300,538,941,,original sound,Max mayfield🎧📻📻,False
7668357555982175502,republicans,https://www.tiktok.com/@republicans/video/7668357555982175502,The choice is clear. ,The choice is clear. ,20260730,10,361900,35600,1793,1669,,original sound,￴ ￴ ￴ ￴ ￴ ￴ ￴ ￴￴ ￴ ￴ ￴ ￴ ￴ ￴ ￴,False
7668069317484825887,republicans,https://www.tiktok.com/@republicans/video/7668069317484825887,#patriots 🇺🇸,#patriots 🇺🇸,20260729,24,181200,27500,1017,1864,,оригінальний аудіозапис,vibe.fyp,False
7668031101184625933,republicans,https://www.tiktok.com/@republicans/video/7668031101184625933,TikTok video #7668031101184625933,,20260729,76,39600,3002,245,161,,original sound,Republicans,False
7667999731250973965,republicans,https://www.tiktok.com/@republicans/video/7667999731250973965,TikTok video #7667999731250973965,,20260729,20,8650,366,19,26,,original sound,Republicans,False
7667998858139421966,republicans,https://www.tiktok.com/@republicans/video/7667998858139421966,You can't plead away the truth.,You can't plead away the truth.,20260729,52,8669,649,44,14,,original sound,Republicans,False
7667963998045768974,republicans,https://www.tiktok.com/@republicans/video/7667963998045768974,Anthony Fauci is fraud.,Anthony Fauci is fraud.,20260729,26,135800,17500,270,1517,,original sound,Republicans,False
7667950304238767391,republicans,https://www.tiktok.com/@republicans/video/7667950304238767391,67 years of @NASA 🇺🇸🫡,67 years of @NASA 🇺🇸🫡,20260729,21,19200,2803,106,157,,sonido original,Erick Luna,False
7667658742225227038,republicans,https://www.tiktok.com/@republicans/video/7667658742225227038,TikTok video #7667658742225227038,,20260728,6,17300,1417,74,236,,original sound,"old memes, bts archive",False
7667316692455787807,republicans,https://www.tiktok.com/@republicans/video/7667316692455787807,🇺🇸🦅,🇺🇸🦅,20260727,30,20900,2464,180,55,,original sound,The Midnight Special,False
7667303622081924383,republicans,https://www.tiktok.com/@republicans/video/7667303622081924383,#blessed ,#blessed ,20260727,12,75100,15100,605,409,,what dreams are made of lizzie mcguire,heavyr0tation,False
7667242356474744094,republicans,https://www.tiktok.com/@republicans/video/7667242356474744094,🇺🇸🇺🇸🇺🇸,🇺🇸🇺🇸🇺🇸,20260727,11,24100,4274,134,54,,Zach Bryan Revival MC4D Remix,MC4D,False
7666986223193328910,republicans,https://www.tiktok.com/@republicans/video/7666986223193328910,100 days out from Election Day!  LFG 🇺🇸🇺🇸🇺🇸,100 days out from Election Day!  LFG 🇺🇸🇺🇸🇺🇸,20260726,31,24400,3251,167,78,,оригинальный звук,Musician lyrical,False
7666900759702736158,republicans,https://www.tiktok.com/@republicans/video/7666900759702736158,Lock in patriots we have 100 days 🫡🇺🇸,Lock in patriots we have 100 days 🫡🇺🇸,20260726,11,13100,1189,78,21,,original sound,Republicans,False
7666524146699898143,republicans,https://www.tiktok.com/@republicans/video/7666524146699898143,National Day of the Cowboy 🤠🤠🇺🇸🇺🇸 ,National Day of the Cowboy 🤠🤠🇺🇸🇺🇸 ,20260725,6,200900,22100,729,717,,original sound,Travis,False
7666094037325106462,republicans,https://www.tiktok.com/@republicans/video/7666094037325106462,Deportationmaxxing 😎,Deportationmaxxing 😎,20260724,11,185100,37700,537,8236,,original sound,Tez.,False
7665893533886287117,republicans,https://www.tiktok.com/@republicans/video/7665893533886287117,Someone has to do it,Someone has to do it,20260724,8,136300,18500,1499,327,,original sound,Woojoo,False
7665721142732180749,republicans,https://www.tiktok.com/@republicans/video/7665721142732180749,It’s true.,It’s true.,20260723,6,25000,2998,231,100,,original sound,Republicans,False
7665385473325518111,republicans,https://www.tiktok.com/@republicans/video/7665385473325518111,😎,😎,20260722,22,28500,3504,245,252,,оригинальный звук,✞,False
7664724656800189726,republicans,https://www.tiktok.com/@republicans/video/7664724656800189726,🇺🇸🇺🇸,🇺🇸🇺🇸,20260720,6,43700,5589,148,68,,original sound,amz.e3,False
7664669581386042655,republicans,https://www.tiktok.com/@republicans/video/7664669581386042655,TikTok video #7664669581386042655,,20260720,8,29700,3548,159,45,,original sound,🪼,False
7664601235026201870,republicans,https://www.tiktok.com/@republicans/video/7664601235026201870,TikTok video #7664601235026201870,,20260720,41,32100,2776,79,33,,original sound,Republicans,False
7663623560576994590,republicans,https://www.tiktok.com/@republicans/video/7663623560576994590,TikTok video #7663623560576994590,,20260717,50,50500,3868,263,320,,original sound,Republicans,False
7663591350352235806,republicans,https://www.tiktok.com/@republicans/video/7663591350352235806,Maine Democrat Core 🤡🤡 ,Maine Democrat Core 🤡🤡 ,20260717,46,548100,61000,2454,9749,,Aesthetic,Tollan Kim,False
7663497804366597389,republicans,https://www.tiktok.com/@republicans/video/7663497804366597389,SECURE OUR ELECTIONS,SECURE OUR ELECTIONS,20260717,24,19200,1628,82,56,,original sound,Republicans,False
7663225468090469646,republicans,https://www.tiktok.com/@republicans/video/7663225468090469646,🇺🇸🇺🇸,🇺🇸🇺🇸,20260716,10,74200,16500,669,302,,original sound,Meow,False
7662821619634654477,republicans,https://www.tiktok.com/@republicans/video/7662821619634654477,TikTok video #7662821619634654477,,20260715,38,34500,2926,94,67,,original sound,Republicans,False
7662758494130539789,republicans,https://www.tiktok.com/@republicans/video/7662758494130539789,JD Vance Core 🔥,JD Vance Core 🔥,20260715,30,69500,8385,104,184,,suara asli - Mentahan _sound,Mentahan _sound,False
7662438008255270158,republicans,https://www.tiktok.com/@republicans/video/7662438008255270158,Letting it rip on the senate floor ig 😬,Letting it rip on the senate floor ig 😬,20260714,5,50600,2320,187,172,,original sound,Republicans,False
7662402711249227039,republicans,https://www.tiktok.com/@republicans/video/7662402711249227039,The choice is clear. Choose patriotism.,The choice is clear. Choose patriotism.,20260714,14,28900,3796,241,195,,original sound,♛𝐒𝐇𝐀𝐘𝐀𝐍 𝐄𝐃𝐈𝐓♛,False
7662095008203312398,republicans,https://www.tiktok.com/@republicans/video/7662095008203312398,Freedom 250 Grand Prix showcase 🔥🔥🔥,Freedom 250 Grand Prix showcase 🔥🔥🔥,20260713,20,15000,662,34,10,,original sound,Republicans,False
7662050224201813262,republicans,https://www.tiktok.com/@republicans/video/7662050224201813262,TikTok video #7662050224201813262,,20260713,218,18900,1488,59,30,,original sound,Republicans,False
7661001849805212959,republicans,https://www.tiktok.com/@republicans/video/7661001849805212959,🫣🫣,🫣🫣,20260710,7,83100,6411,225,240,,original sound,rea ✧,False
7660907938260798751,republicans,https://www.tiktok.com/@republicans/video/7660907938260798751,Coming this November ,Coming this November ,20260710,9,466700,73100,2920,4345,,original sound,Woojoo,False
7660538196249365791,republicans,https://www.tiktok.com/@republicans/video/7660538196249365791,😎😎,😎😎,20260709,11,53500,4257,155,243,,original sound,Hadar Levi • הדר לוי,False
7660250058591325453,republicans,https://www.tiktok.com/@republicans/video/7660250058591325453,Talarico is a fraud.,Talarico is a fraud.,20260708,20,17900,549,25,2,,original sound,Republicans,False
7660172744939621663,republicans,https://www.tiktok.com/@republicans/video/7660172744939621663,TikTok video #7660172744939621663,,20260708,21,17600,1103,65,18,,original sound,funnyshotz0,False
7659647037058583821,republicans,https://www.tiktok.com/@republicans/video/7659647037058583821,TikTok video #7659647037058583821,,20260707,15,18800,1655,76,20,,original sound,intergalactic,False
7659432224256691486,republicans,https://www.tiktok.com/@republicans/video/7659432224256691486,"Trump Accounts are now live, with $800 million set to be invested in ...","Trump Accounts are now live, with $800 million set to be invested in America’s children this week!",20260706,21,82800,8529,399,399,,original sound,Republicans,False
7658767979349363982,republicans,https://www.tiktok.com/@republicans/video/7658767979349363982,🦅🦅🦅,🦅🦅🦅,20260704,52,46800,5108,199,145,,original sound,Republicans,False
7658690469030907166,republicans,https://www.tiktok.com/@republicans/video/7658690469030907166,Happy #250 America! ,Happy #250 America! ,20260704,23,41500,4782,144,387,,оригинальный звук,USAVibesHub,False
7658365700733521165,republicans,https://www.tiktok.com/@republicans/video/7658365700733521165,It’s actually not complicated at all. ,It’s actually not complicated at all. ,20260703,23,35200,3450,95,96,,original sound,Sara :),False
7657990137111907614,republicans,https://www.tiktok.com/@republicans/video/7657990137111907614,🇺🇸🇺🇸🇺🇸,🇺🇸🇺🇸🇺🇸,20260702,108,25100,710,28,8,,original sound,Republicans,False
7657951933335915789,republicans,https://www.tiktok.com/@republicans/video/7657951933335915789,TikTok video #7657951933335915789,,20260702,56,19200,937,41,38,,original sound,Republicans,False
7657942073357683999,republicans,https://www.tiktok.com/@republicans/video/7657942073357683999,USA USA USA,USA USA USA,20260702,16,34900,4572,131,125,,original sound,Swedish military edits,False
7657675561015299342,republicans,https://www.tiktok.com/@republicans/video/7657675561015299342,President Trump at the Theodore Roosevelt Presidential Library dedica...,President Trump at the Theodore Roosevelt Presidential Library dedication 🇺🇸🇺🇸 ,20260701,31,20000,1071,55,16,,original sound,Country Tok,False
7657662644148505887,republicans,https://www.tiktok.com/@republicans/video/7657662644148505887,#250 ,#250 ,20260701,16,38900,6382,159,642,,Sweet Disposition Ryan Case Remix,Ryan Case,False
7657636473222565134,republicans,https://www.tiktok.com/@republicans/video/7657636473222565134,HOW TO SPOT A COMMUNIST 👀,HOW TO SPOT A COMMUNIST 👀,20260701,160,72200,9757,379,1915,,original sound,Republicans,False
7657332891847904543,republicans,https://www.tiktok.com/@republicans/video/7657332891847904543,Decline is a choice. ,Decline is a choice. ,20260630,8,28100,1678,49,24,,original sound,Republicans,False
7657284103749913887,republicans,https://www.tiktok.com/@republicans/video/7657284103749913887,TikTok video #7657284103749913887,,20260630,8,39000,3239,52,47,,original sound,funnyshotz0,False
7657265356398169358,republicans,https://www.tiktok.com/@republicans/video/7657265356398169358,TikTok video #7657265356398169358,,20260630,42,189500,13800,407,1159,,original sound,Republicans,False
7657252140238343437,republicans,https://www.tiktok.com/@republicans/video/7657252140238343437,COMMON SENSE WINS ,COMMON SENSE WINS ,20260630,20,666300,89500,1008,3087,,Run the world,Megan ★,False
7656984886670118158,republicans,https://www.tiktok.com/@republicans/video/7656984886670118158,@Team Paxton 🇺🇸🇺🇸,@Team Paxton 🇺🇸🇺🇸,20260630,32,21300,780,60,14,,original sound,Republicans,False
7656937397736705293,republicans,https://www.tiktok.com/@republicans/video/7656937397736705293,TikTok video #7656937397736705293,,20260629,255,13600,326,24,7,,original sound,Republicans,False
7656896472285334815,republicans,https://www.tiktok.com/@republicans/video/7656896472285334815,🇺🇸🇺🇸🇺🇸,🇺🇸🇺🇸🇺🇸,20260629,15,276500,72200,389,3252,,original sound - Kenth Lopez edits,《KL.EDITS》,False
7656476726691761439,republicans,https://www.tiktok.com/@republicans/video/7656476726691761439,Texas Dems have lost their minds defending James Talarico,Texas Dems have lost their minds defending James Talarico,20260628,25,31200,1617,64,29,,original sound,Republicans,False
7656180649061109022,republicans,https://www.tiktok.com/@republicans/video/7656180649061109022,Happy 2 year anniversary to this,Happy 2 year anniversary to this,20260627,31,351600,37100,1166,3788,,original sound,funnyshotz0,False
7655099735417670942,republicans,https://www.tiktok.com/@republicans/video/7655099735417670942,🇺🇸🇺🇸🇺🇸,🇺🇸🇺🇸🇺🇸,20260624,24,46600,1892,130,41,,original sound,€,False
7654690556559297806,republicans,https://www.tiktok.com/@republicans/video/7654690556559297806,🇺🇸🇺🇸🇺🇸,🇺🇸🇺🇸🇺🇸,20260623,8,101300,8274,501,256,,original sound,Republicans,False
7652777251301346574,republicans,https://www.tiktok.com/@republicans/video/7652777251301346574,it’s really not that hard..,it’s really not that hard..,20260618,28,136900,5215,370,236,,original sound,Republicans,False
7652433512456326413,republicans,https://www.tiktok.com/@republicans/video/7652433512456326413,what it’s like living with Trump derangement syndrome ,what it’s like living with Trump derangement syndrome ,20260617,9,67000,2984,185,87,,original sound,A୨ৎ,False
7652408391976897822,republicans,https://www.tiktok.com/@republicans/video/7652408391976897822,President Trump pulling up to G7,President Trump pulling up to G7,20260617,9,60700,4165,199,141,,original sound,user26531187546,False
7652346069883292959,republicans,https://www.tiktok.com/@republicans/video/7652346069883292959,TikTok video #7652346069883292959,,20260617,41,710500,45200,965,1287,,original sound,Republicans,False
7652002795511401759,republicans,https://www.tiktok.com/@republicans/video/7652002795511401759,"11 years ago, HISTORY WAS MADE 🇺🇸🇺🇸🇺🇸","11 years ago, HISTORY WAS MADE 🇺🇸🇺🇸🇺🇸",20260616,31,70600,5472,194,113,,original sound,CAPCUT,False
7651672612078128397,republicans,https://www.tiktok.com/@republicans/video/7651672612078128397,Trump derangement syndrome at its worst,Trump derangement syndrome at its worst,20260615,22,80500,2537,90,55,,original sound,Republicans,False
7651630298693668110,republicans,https://www.tiktok.com/@republicans/video/7651630298693668110,Stay mad,Stay mad,20260615,13,6900000,1100000,7240,113400,,original sound,hads,False
7651315646218767647,republicans,https://www.tiktok.com/@republicans/video/7651315646218767647,Happy flag day🇺🇸,Happy flag day🇺🇸,20260614,25,81000,3316,110,71,,original sound,WeThePeople76,False
7650690296736451853,republicans,https://www.tiktok.com/@republicans/video/7650690296736451853,TikTok video #7650690296736451853,,20260613,22,582600,82800,3262,2337,,original sound,€,False
7650608883592973599,republicans,https://www.tiktok.com/@republicans/video/7650608883592973599,🇺🇸🇺🇸🇺🇸,🇺🇸🇺🇸🇺🇸,20260612,11,116400,18700,181,477,,sonido original,ᴀᴋᴜ,False
7650556140920589599,republicans,https://www.tiktok.com/@republicans/video/7650556140920589599,TikTok video #7650556140920589599,,20260612,16,74500,1791,373,135,,original sound,Republicans,False
7650204283819838751,republicans,https://www.tiktok.com/@republicans/video/7650204283819838751,Unmatched,Unmatched,20260611,11,70200,5571,321,423,,son original,ELNOSMILE,False
7650186540504632607,republicans,https://www.tiktok.com/@republicans/video/7650186540504632607,TikTok video #7650186540504632607,,20260611,60,1100000,162500,6135,30700,,original sound,Republicans,False
7649850013866102047,republicans,https://www.tiktok.com/@republicans/video/7649850013866102047,TikTok video #7649850013866102047,,20260610,10,48600,4173,91,102,,original sound,"Dexter, The Moonrocks",False
7649788974621281567,republicans,https://www.tiktok.com/@republicans/video/7649788974621281567,👀👀 #UFC ,👀👀 #UFC ,20260610,23,409700,66600,540,3626,,original sound,Republicans,False
7649510202504465677,republicans,https://www.tiktok.com/@republicans/video/7649510202504465677,Scott Jennings calls out James Talarico’s complete hypocrisy:,Scott Jennings calls out James Talarico’s complete hypocrisy:,20260609,66,75200,4449,338,829,,original sound,Republicans,False
7649485728048516365,republicans,https://www.tiktok.com/@republicans/video/7649485728048516365,…,…,20260609,15,478600,50300,964,5937,,original sound,hads,False
7649385124861103373,republicans,https://www.tiktok.com/@republicans/video/7649385124861103373,Came back when it mattered 🇺🇸🫡,Came back when it mattered 🇺🇸🫡,20260609,14,184300,29500,317,1845,,original sound,sophia ⊹ ࣪ ˖,False
7649123642923683085,republicans,https://www.tiktok.com/@republicans/video/7649123642923683085,‼️‼️“KEEP IT UP”  DC visitors react to the Reflecting Pool's new look.,‼️‼️“KEEP IT UP”  DC visitors react to the Reflecting Pool's new look.,20260608,81,96600,9156,266,50,,original sound,Republicans,False
7649092791447866637,republicans,https://www.tiktok.com/@republicans/video/7649092791447866637,REAL RESULTS ,REAL RESULTS ,20260608,20,34200,2269,134,43,,original sound,andy.,False
7649090972013448479,republicans,https://www.tiktok.com/@republicans/video/7649090972013448479,James Talarico is a fraud ,James Talarico is a fraud ,20260608,11,18800,468,18,9,,original sound,Republicans,False
7649084765227797790,republicans,https://www.tiktok.com/@republicans/video/7649084765227797790,Maine veteran calls out Graham Platner for hiding behind his military...,Maine veteran calls out Graham Platner for hiding behind his military service instead of answering for his disturbing past,20260608,11,160900,5219,261,86,,original sound,Republicans,False
7649033853935406366,republicans,https://www.tiktok.com/@republicans/video/7649033853935406366,Sen. Marsha Blackburn RIPS Democrats for defunding law enforcement.,Sen. Marsha Blackburn RIPS Democrats for defunding law enforcement.,20260608,40,16500,455,18,4,,original sound,Republicans,False
7648688833583746335,republicans,https://www.tiktok.com/@republicans/video/7648688833583746335,Happy 6/7 Celebrate accordingly ,Happy 6/7 Celebrate accordingly ,20260607,3,16700,629,50,131,,original sound,Republicans,False
7647958215702891790,republicans,https://www.tiktok.com/@republicans/video/7647958215702891790,You’re looking out for literally no one. ,You’re looking out for literally no one. ,20260605,7,49700,3485,62,192,,original sound,Republicans,False
7647953891744566541,republicans,https://www.tiktok.com/@republicans/video/7647953891744566541,ELECTION DAY SHOULD MEAN ELECTION DAY,ELECTION DAY SHOULD MEAN ELECTION DAY,20260605,32,18500,615,20,8,,original sound,Republicans,False
7647665211830258958,republicans,https://www.tiktok.com/@republicans/video/7647665211830258958,🏆Mentality,🏆Mentality,20260604,16,37400,4332,199,94,,original sound,Republicans,False
7647594612730629406,republicans,https://www.tiktok.com/@republicans/video/7647594612730629406,James… ,James… ,20260604,7,32200,2381,92,107,,original sound - Lyn ; DARK BLOOD,Faye¹⁰⁰⁹,False
7647574389730446606,republicans,https://www.tiktok.com/@republicans/video/7647574389730446606,They never stood a chance 🤣#marcorubio 👏👏👏,They never stood a chance 🤣#marcorubio 👏👏👏,20260604,48,1700000,134100,2222,7936,,original sound,Republicans,False
7647549458464509197,republicans,https://www.tiktok.com/@republicans/video/7647549458464509197,President Trump knows ball 🔥🔥 #nba ,President Trump knows ball 🔥🔥 #nba ,20260604,22,68800,10200,328,393,,sonido original,EDUARDO RUIZ,False
7646829459013700877,republicans,https://www.tiktok.com/@republicans/video/7646829459013700877,Vote #MAGA Warrior @Ken Paxton for Senate! 🇺🇸🦅,Vote #MAGA Warrior @Ken Paxton for Senate! 🇺🇸🦅,20260602,39,25000,782,76,17,,original sound,Republicans,False
7646441690802179341,republicans,https://www.tiktok.com/@republicans/video/7646441690802179341,TikTok video #7646441690802179341,,20260601,11,24700,659,32,4,,original sound,Republicans,False
7646212966664178957,republicans,https://www.tiktok.com/@republicans/video/7646212966664178957,Bffr,Bffr,20260601,29,40800,3666,139,287,,AnySoundEffects Monkeys Spinning Monkeys,Any Sound Effects,False
7645362612791758094,republicans,https://www.tiktok.com/@republicans/video/7645362612791758094,No cure for stupid,No cure for stupid,20260529,16,109000,9859,191,556,,som original,🥸👍,False
7645357095054740766,republicans,https://www.tiktok.com/@republicans/video/7645357095054740766,Talarico in 2021: “I oppose voter ID”,Talarico in 2021: “I oppose voter ID”,20260529,8,940200,50300,2180,504,,original sound,Republicans,False
7644957004099898655,republicans,https://www.tiktok.com/@republicans/video/7644957004099898655,Hakeem…,Hakeem…,20260528,7,26300,725,31,15,,sonido original,.,False
7644936655366917406,republicans,https://www.tiktok.com/@republicans/video/7644936655366917406,TikTok video #7644936655366917406,,20260528,6,300500,32300,581,3289,,originalljud,Albin,False
7644662980730260749,republicans,https://www.tiktok.com/@republicans/video/7644662980730260749,There is absolutely no way Texas will send James Talarico to the Senate.,There is absolutely no way Texas will send James Talarico to the Senate.,20260527,52,23000,457,28,7,,original sound,Republicans,False
7644265829336435999,republicans,https://www.tiktok.com/@republicans/video/7644265829336435999,"No James, it’s not complicated.","No James, it’s not complicated.",20260526,13,52800,4926,194,136,,original sound,Republicans,False
7643884044647697695,republicans,https://www.tiktok.com/@republicans/video/7643884044647697695,🫡🫡,🫡🫡,20260525,19,162900,33000,184,1174,,original sound,Dylan,False
7643854750319955214,republicans,https://www.tiktok.com/@republicans/video/7643854750319955214,God Bless America 🇺🇸,God Bless America 🇺🇸,20260525,20,689200,86500,6708,2724,,original sound,Republicans,False
7642329409847905567,republicans,https://www.tiktok.com/@republicans/video/7642329409847905567,TikTok video #7642329409847905567,,20260521,27,66800,6285,264,261,,original sound,LyricsPDX,False
7642114486664482079,republicans,https://www.tiktok.com/@republicans/video/7642114486664482079,This is absolutely disgusting. Democrats are still endorsing this POS.,This is absolutely disgusting. Democrats are still endorsing this POS.,20260520,63,162900,12100,341,849,,"Horror, suspense strange sound",DN.FACTORY,False
7641995639982689566,republicans,https://www.tiktok.com/@republicans/video/7641995639982689566,MOST SECURE BORDER IN HISTORY,MOST SECURE BORDER IN HISTORY,20260520,15,22800,1008,30,18,,оригінальний звук,NTXN • УКРАЇНСЬКА МУЗИКА,False
7641654262715387167,republicans,https://www.tiktok.com/@republicans/video/7641654262715387167,🔥🔥,🔥🔥,20260519,20,46800,4047,136,87,,sonido original,DenesGaCo,False
7641393440588123405,republicans,https://www.tiktok.com/@republicans/video/7641393440588123405,This is absolutely disgusting.,This is absolutely disgusting.,20260519,52,31200,1143,86,134,,"Spooky, quiet, scary atmosphere piano songs",Skittlegirl Sound,False
7641339162154650910,republicans,https://www.tiktok.com/@republicans/video/7641339162154650910,lol ,lol ,20260518,15,73500,8695,158,169,,original sound,Republicans,False
7641271583620877581,republicans,https://www.tiktok.com/@republicans/video/7641271583620877581,James Talarico is the last person Texans want ,James Talarico is the last person Texans want ,20260518,24,29900,1999,46,31,,"Sound effects for scenes that surprise or surprise you in movies, etc.(1022322)",Syunsuke,False
7641259387331398943,republicans,https://www.tiktok.com/@republicans/video/7641259387331398943,This team >>>,This team >>>,20260518,14,1500000,293400,4931,14400,,original sound,thu nguyen,False
7640166120892255518,republicans,https://www.tiktok.com/@republicans/video/7640166120892255518,TikTok video #7640166120892255518,,20260515,13,44400,4822,227,110,,original sound,hayleytaylor323,False
7640142875887504670,republicans,https://www.tiktok.com/@republicans/video/7640142875887504670,YIKESSSS,YIKESSSS,20260515,22,36200,2813,55,73,,original sound,Republicans,False
7640117892796697887,republicans,https://www.tiktok.com/@republicans/video/7640117892796697887,🇺🇸🇺🇸🇺🇸,🇺🇸🇺🇸🇺🇸,20260515,17,38500,5657,115,216,,original sound,Republicans,False
7639826849404636447,republicans,https://www.tiktok.com/@republicans/video/7639826849404636447,Talarico is a total freak,Talarico is a total freak,20260514,8,21100,673,44,45,,original sound,Republicans,False
7639803324421639454,republicans,https://www.tiktok.com/@republicans/video/7639803324421639454,This is who they are ,This is who they are ,20260514,189,33500,2548,60,60,,"Suspense, horror, piano and music box",takaya,False
7639795589881924895,republicans,https://www.tiktok.com/@republicans/video/7639795589881924895,The heartbreaking results of Democrats dangerous policies ,The heartbreaking results of Democrats dangerous policies ,20260514,98,13500,355,7,3,,original sound,Republicans,False
7639762588829535518,republicans,https://www.tiktok.com/@republicans/video/7639762588829535518,True heroes 🫡🇺🇸,True heroes 🫡🇺🇸,20260514,20,403200,76900,244,2560,,original sound,Republicans,False
7639746143102045471,republicans,https://www.tiktok.com/@republicans/video/7639746143102045471,Congressman DVO🔥🔥,Congressman DVO🔥🔥,20260514,19,14500,509,16,9,,original sound,Republicans,False
7639408887002582303,republicans,https://www.tiktok.com/@republicans/video/7639408887002582303,Mike Rogers is the conservative leader that Michigan needs!,Mike Rogers is the conservative leader that Michigan needs!,20260513,25,13200,506,24,10,,original sound,Republicans,False
7639093180457159967,republicans,https://www.tiktok.com/@republicans/video/7639093180457159967,🇺🇸🇺🇸🇺🇸,🇺🇸🇺🇸🇺🇸,20260512,18,38200,5921,110,224,,viva la vida,moiseslyricsss,False
7639063626820668685,republicans,https://www.tiktok.com/@republicans/video/7639063626820668685,TikTok video #7639063626820668685,,20260512,106,48500,3278,73,81,,Creepy and simple horror background music(1070744),howlingindicator,False
7639023786448162062,republicans,https://www.tiktok.com/@republicans/video/7639023786448162062,TikTok video #7639023786448162062,,20260512,534,19200,1176,26,43,,"Suspense, horror, piano and music box",takaya,False
7638756906445622559,republicans,https://www.tiktok.com/@republicans/video/7638756906445622559,Stay vigilant patriots…. TDS is at an all time high 🤡,Stay vigilant patriots…. TDS is at an all time high 🤡,20260511,12,20600,1183,41,40,,original sound,Republicans,False
7638725564823506190,republicans,https://www.tiktok.com/@republicans/video/7638725564823506190,🤝🤝,🤝🤝,20260511,21,104100,17500,663,474,,Life Could be a dream,incelllllll0,False
7638690407794085134,republicans,https://www.tiktok.com/@republicans/video/7638690407794085134,@senjohnnkennedy said it best ,@senjohnnkennedy said it best ,20260511,6,3600000,346100,1345,42100,,original sound,Republicans,False
7638667103838506270,republicans,https://www.tiktok.com/@republicans/video/7638667103838506270,Thank you for your service 🤝🇺🇸#policeweek ,Thank you for your service 🤝🇺🇸#policeweek ,20260511,25,46300,6377,50,704,,original sound,High school Anthems,False
7638641810390240542,republicans,https://www.tiktok.com/@republicans/video/7638641810390240542,👀👀👽👽,👀👀👽👽,20260511,19,30100,2012,58,43,,original sound,Republicans,False
7638293339514653982,republicans,https://www.tiktok.com/@republicans/video/7638293339514653982,Happy Mothers days 💗,Happy Mothers days 💗,20260510,27,31700,4098,132,255,,Little Things,Adrián Berenguer,False
7637555519108009247,republicans,https://www.tiktok.com/@republicans/video/7637555519108009247,OVERTURNED 🚨🚨🚨,OVERTURNED 🚨🚨🚨,20260508,9,28400,1161,71,20,,Azealia Banks . 212 instrumental,pusiquita,False
7637536544705842463,republicans,https://www.tiktok.com/@republicans/video/7637536544705842463,HUGE WIN FOR ELECTION INTEGRITY!,HUGE WIN FOR ELECTION INTEGRITY!,20260508,16,33600,2665,92,65,,original sound,Republicans,False
7637508565015596318,republicans,https://www.tiktok.com/@republicans/video/7637508565015596318,"🚨 President Trump shattered expectations, adding 115,000 jobs in April","🚨 President Trump shattered expectations, adding 115,000 jobs in April",20260508,10,60300,3219,307,133,,original sound,toño,False
7637255311950105886,republicans,https://www.tiktok.com/@republicans/video/7637255311950105886,TikTok video #7637255311950105886,,20260507,25,178700,27800,541,567,,sonido original,"𝖌𝖆𝖇𝖗𝖎𝖊𝖑 """,False
7637239838449601823,republicans,https://www.tiktok.com/@republicans/video/7637239838449601823,A real team of winners right here…,A real team of winners right here…,20260507,36,11100,402,23,14,,original sound,Republicans,False
7637171360887737614,republicans,https://www.tiktok.com/@republicans/video/7637171360887737614,They have fully become the party of illegals and criminals.,They have fully become the party of illegals and criminals.,20260507,17,27900,2011,5,73,,original sound,Republicans,False
7636814808972659982,republicans,https://www.tiktok.com/@republicans/video/7636814808972659982,"Under this administration, there is HOPE for the future of America! ","Under this administration, there is HOPE for the future of America! ",20260506,41,11000,580,22,20,,original sound - Alec Koff Label MUSIC,Alec Koff Label MUSIC,False
7636507641560173854,republicans,https://www.tiktok.com/@republicans/video/7636507641560173854,Umm…,Umm…,20260505,48,29500,1639,67,46,,how to never stop being sad,favsoundds,False
7636479078215748895,republicans,https://www.tiktok.com/@republicans/video/7636479078215748895,Presidential Fitness test is back! The future is STRONG🇺🇸🇺🇸 ,Presidential Fitness test is back! The future is STRONG🇺🇸🇺🇸 ,20260505,15,137200,13300,303,245,,original sound,themrcheese546th,False
7636057779651824909,republicans,https://www.tiktok.com/@republicans/video/7636057779651824909,#maythe4th ,#maythe4th ,20260504,17,61300,7945,317,565,,original sound,HAZ,False
7636043924494175518,republicans,https://www.tiktok.com/@republicans/video/7636043924494175518,The guy with the Nazi tattoo?,The guy with the Nazi tattoo?,20260504,6,15600,766,10,19,,origineel geluid,GamingSoundEffects,False
7635797028538273037,republicans,https://www.tiktok.com/@republicans/video/7635797028538273037,🔥🔥🔥,🔥🔥🔥,20260503,16,62700,8710,196,604,,original sound,Republicans,False
7635048448777096462,republicans,https://www.tiktok.com/@republicans/video/7635048448777096462,👀,👀,20260501,15,256400,36000,245,10900,,original sound,lyricloo,False
7634723569376693518,republicans,https://www.tiktok.com/@republicans/video/7634723569376693518,Sorry to all those affected,Sorry to all those affected,20260501,21,170300,31100,588,2488,,original sound,Republicans,False
7634667336875642125,republicans,https://www.tiktok.com/@republicans/video/7634667336875642125,TikTok video #7634667336875642125,,20260430,15,241400,26600,833,1329,,The One That Got Away,Katy Perry,False
7634213434401377549,republicans,https://www.tiktok.com/@republicans/video/7634213434401377549,Wisconsin voters RIP the Democrat party ,Wisconsin voters RIP the Democrat party ,20260429,14,35100,2840,51,51,,original sound,Republicans,False
7633970055184780558,republicans,https://www.tiktok.com/@republicans/video/7633970055184780558,UNSTOPPABLE ,UNSTOPPABLE ,20260429,10,79900,12300,289,449,,Use my sound,Casenhuls,False
7633911518286892318,republicans,https://www.tiktok.com/@republicans/video/7633911518286892318,Did yall forget?,Did yall forget?,20260428,14,585000,48400,1331,1375,,original sound,Republicans,False
7633819195452427550,republicans,https://www.tiktok.com/@republicans/video/7633819195452427550,I guess we missed the other 9 wars? ,I guess we missed the other 9 wars? ,20260428,15,251100,43000,744,3047,,original sound,Republicans,False
7633141486581763358,republicans,https://www.tiktok.com/@republicans/video/7633141486581763358,How long till Democrats realize their violent rhetoric has serious co...,How long till Democrats realize their violent rhetoric has serious consequences ,20260426,124,83400,12000,135,882,,"Spooky, quiet, scary atmosphere piano songs",Skittlegirl Sound,False
7632411641161813278,republicans,https://www.tiktok.com/@republicans/video/7632411641161813278,Real leadership🤝,Real leadership🤝,20260424,11,41600,3567,209,85,,原聲,king of pop 🥰music enthusiast,False
7631997664422317342,republicans,https://www.tiktok.com/@republicans/video/7631997664422317342,lol,lol,20260423,16,539300,92100,1118,4655,,original sound,ｃａｓｅｙ,False
7631969611788979487,republicans,https://www.tiktok.com/@republicans/video/7631969611788979487,Terrifying.,Terrifying.,20260423,15,609800,38600,986,1233,,"Spooky, quiet, scary atmosphere piano songs",Skittlegirl Sound,False
7631620797332851999,republicans,https://www.tiktok.com/@republicans/video/7631620797332851999,Happy Earth Day 🌎💚,Happy Earth Day 🌎💚,20260422,9,85100,13000,213,191,,original sound,dais ❀,False
7631257917294955807,republicans,https://www.tiktok.com/@republicans/video/7631257917294955807,🇺🇸🇺🇸,🇺🇸🇺🇸,20260421,11,39100,2375,106,50,,original sound,Maria De La Fuente 🩶,False
7630882255069613342,republicans,https://www.tiktok.com/@republicans/video/7630882255069613342,🥴🥴,🥴🥴,20260420,91,393500,34500,1268,5725,,original sound,Republicans,False
7629767311716617503,republicans,https://www.tiktok.com/@republicans/video/7629767311716617503,🦅🦅🦅,🦅🦅🦅,20260417,20,129300,22700,256,755,,original sound,🤷🏻‍♀️🤷🏻‍♀️🤷🏻‍♀️,False
7629515596119543053,republicans,https://www.tiktok.com/@republicans/video/7629515596119543053,Promises made… 😬 ,Promises made… 😬 ,20260417,14,405500,52700,539,4165,,original sound,Hehe,False
7629461813939195149,republicans,https://www.tiktok.com/@republicans/video/7629461813939195149,In an America first kinda way 😎,In an America first kinda way 😎,20260416,12,563600,137900,663,15700,,No flex zone ITSBARBIEBETCH,AVA THE BARBIE,False
7629390376108936479,republicans,https://www.tiktok.com/@republicans/video/7629390376108936479,Wish this was a joke. Disgusting. ,Wish this was a joke. Disgusting. ,20260416,127,25100,480,6,26,,original sound,Republicans,False
7629015790431391007,republicans,https://www.tiktok.com/@republicans/video/7629015790431391007,🚨 WATCH Real Americans are seeing the difference this tax season! 💰🇺🇸,🚨 WATCH Real Americans are seeing the difference this tax season! 💰🇺🇸,20260415,79,36000,1777,66,47,,original sound,Republicans,False
7628283907615509791,republicans,https://www.tiktok.com/@republicans/video/7628283907615509791,Thank you President Trump and Republicans 🫡🫡,Thank you President Trump and Republicans 🫡🫡,20260413,17,44700,2641,135,111,,original sound,Teehayyz,False
7628252764555971870,republicans,https://www.tiktok.com/@republicans/video/7628252764555971870,👏👏👏,👏👏👏,20260413,45,81200,10000,163,184,,original sound,Republicans,False
7627309277958524190,republicans,https://www.tiktok.com/@republicans/video/7627309277958524190,"A historic mission! Welcome home, Artemis II! ","A historic mission! Welcome home, Artemis II! ",20260411,19,38700,2729,68,64,,original sound,Republicans,False
7627176166985616670,republicans,https://www.tiktok.com/@republicans/video/7627176166985616670,We made an edit for Joe since the @Democrats keep leaving him out of ...,We made an edit for Joe since the @Democrats keep leaving him out of their tiktoks☹️,20260410,15,462600,59700,702,2606,,original sound,Republicans,False
7623161260737187102,republicans,https://www.tiktok.com/@republicans/video/7623161260737187102,Huge Success! Congrats ,Huge Success! Congrats ,20260330,5,813000,130700,631,9153,,original sound,bookssscenes,False
7623118230386789645,republicans,https://www.tiktok.com/@republicans/video/7623118230386789645,History in the making! Godspeed 🫡 🇺🇸 ,History in the making! Godspeed 🫡 🇺🇸 ,20260330,24,12500000,2300000,5118,154000,,sonido original,emiliano gaston adee,False
7621691018185952542,republicans,https://www.tiktok.com/@republicans/video/7621691018185952542,so back! ⚾️🇺🇸🦅,so back! ⚾️🇺🇸🦅,20260326,29,288400,45500,321,1197,,original sound,Republicans,False
7621664681106689311,republicans,https://www.tiktok.com/@republicans/video/7621664681106689311,Democrat Hakeem Jeffries knows that it takes 60 votes in the Senate t...,"Democrat Hakeem Jeffries knows that it takes 60 votes in the Senate to open the government, but they are trying to gaslight you. ",20260326,27,162200,7871,229,319,,som original,Takase,False
7621287680868945183,republicans,https://www.tiktok.com/@republicans/video/7621287680868945183,AMERICA’S GAME IS BACK! #openingday ,AMERICA’S GAME IS BACK! #openingday ,20260325,18,76200,5233,102,75,,original sound,Republicans,False
7621245778849205518,republicans,https://www.tiktok.com/@republicans/video/7621245778849205518,Thanks chuck,Thanks chuck,20260325,17,101800,7344,61,37,,original sound,Republicans,False
7620918071472966942,republicans,https://www.tiktok.com/@republicans/video/7620918071472966942,This is HUGE for the Homeland 🇺🇸,This is HUGE for the Homeland 🇺🇸,20260324,12,97300,11500,220,93,,original sound,WILL PLUS,False
7620451046963432735,republicans,https://www.tiktok.com/@republicans/video/7620451046963432735,Call Chuck Schumer and tell him to FUND DHS! ☎️ (202) 224-6542,Call Chuck Schumer and tell him to FUND DHS! ☎️ (202) 224-6542,20260323,12,47900,1681,83,50,,original sound,smk_deezyy,False
7619484686733085966,republicans,https://www.tiktok.com/@republicans/video/7619484686733085966,Too late Jerome 🥴,Too late Jerome 🥴,20260320,8,130500,7794,277,307,,original sound,Republicans,False
7619381041320594702,republicans,https://www.tiktok.com/@republicans/video/7619381041320594702,Thank a Democrat. ,Thank a Democrat. ,20260320,10,81500,5197,140,97,,オリジナル楽曲 - 🔵けちゃん🎠❤️‍🔥8/22生誕祭🎂🥂✨🔵,人妻Kちゃん🎠❤️‍🔥,False
7619057393002876191,republicans,https://www.tiktok.com/@republicans/video/7619057393002876191,How lucky are we 🇺🇸🤍,How lucky are we 🇺🇸🤍,20260319,10,684500,150100,800,3316,,28 by Zach Bryan,Zach Bryan Snippets,False
7618987755485334797,republicans,https://www.tiktok.com/@republicans/video/7618987755485334797,Enough is enough.,Enough is enough.,20260319,12,357200,31400,637,715,,オリジナル楽曲 - 🔵けちゃん🎠❤️‍🔥8/22生誕祭🎂🥂✨🔵,人妻Kちゃん🎠❤️‍🔥,False
7618684097669434637,republicans,https://www.tiktok.com/@republicans/video/7618684097669434637,Its giving desperate,Its giving desperate,20260318,7,64800,2114,85,19,,original sound,user,False
7618639291064864030,republicans,https://www.tiktok.com/@republicans/video/7618639291064864030,"If you are missing a paycheck, missing a flight, or stuck in endless ...","If you are missing a paycheck, missing a flight, or stuck in endless lines at the airport, thank a Democrat.",20260318,24,38900,1077,48,19,,original sound,officialeditrr,False
7618596394391080206,republicans,https://www.tiktok.com/@republicans/video/7618596394391080206,CONFIRM MULLIN ✅🇺🇸,CONFIRM MULLIN ✅🇺🇸,20260318,22,63400,7770,157,241,,original sound,Republicans,False
7618345550982745374,republicans,https://www.tiktok.com/@republicans/video/7618345550982745374,PASS THE SAVE AMERICA ACT!,PASS THE SAVE AMERICA ACT!,20260317,10,323200,54400,548,1689,,original sound,LYRICS 🎧ྀི,False
7618277156426124575,republicans,https://www.tiktok.com/@republicans/video/7618277156426124575,It really is that easy. ,It really is that easy. ,20260317,5,482300,59300,208,280,,you belong with me,sadia,False
7617866090697248031,republicans,https://www.tiktok.com/@republicans/video/7617866090697248031,Thank a Democrat.,Thank a Democrat.,20260316,6,104900,10800,105,140,,original sound,Julian Hagins,False
7615685975536061727,republicans,https://www.tiktok.com/@republicans/video/7615685975536061727,America First 🇺🇸🦅🫡,America First 🇺🇸🦅🫡,20260310,25,142700,18900,169,756,,original sound,WeThePeople76,False
7615348019432639775,republicans,https://www.tiktok.com/@republicans/video/7615348019432639775,Creep.,Creep.,20260309,20,79600,5738,210,446,,"Spooky, quiet, scary atmosphere piano songs",Skittlegirl Sound,False
7614257679476739359,republicans,https://www.tiktok.com/@republicans/video/7614257679476739359,✨believe✨,✨believe✨,20260306,13,247900,21500,183,792,,SYMPHONYYY,glow✮,False
7614214271316135198,republicans,https://www.tiktok.com/@republicans/video/7614214271316135198,"Dance always, patriots 🦅🇺🇸","Dance always, patriots 🦅🇺🇸",20260306,15,54200,2995,206,117,,original sound,jai,False
7614187529692007711,republicans,https://www.tiktok.com/@republicans/video/7614187529692007711,TikTok video #7614187529692007711,,20260306,47,95400,7606,346,509,,original sound,SAINTED,False
7613911767235693838,republicans,https://www.tiktok.com/@republicans/video/7613911767235693838,"If you dont know, now you know. AMERICA FIRST🦅","If you dont know, now you know. AMERICA FIRST🦅",20260305,22,69700,5871,106,260,,original sound,song_lyrics12342,False
7613462482862083359,republicans,https://www.tiktok.com/@republicans/video/7613462482862083359,OPERATION EPIC FURY 🇺🇸,OPERATION EPIC FURY 🇺🇸,20260304,12,90600,9217,161,555,,original sound,Republicans,False
7613150508538154271,republicans,https://www.tiktok.com/@republicans/video/7613150508538154271,🤨🤨,🤨🤨,20260303,10,100100,8909,157,573,,original sound,Republicans,False
7613099025809657118,republicans,https://www.tiktok.com/@republicans/video/7613099025809657118,🇺🇸🇺🇸🇺🇸,🇺🇸🇺🇸🇺🇸,20260303,20,39800,2237,60,56,,original sound,Vortex,False
7611547382341242125,republicans,https://www.tiktok.com/@republicans/video/7611547382341242125,Big day for Bill ,Big day for Bill ,20260227,12,516400,58800,617,12100,,scott street,audios for edits,False
7611305452999052574,republicans,https://www.tiktok.com/@republicans/video/7611305452999052574,Its pretty clear who Democrats are fighting for.,Its pretty clear who Democrats are fighting for.,20260226,7,774100,111300,1501,1919,,She knows,ℒ𝒶𝓎💋,False
7610887208068713759,republicans,https://www.tiktok.com/@republicans/video/7610887208068713759,🙄🙄🙄,🙄🙄🙄,20260225,10,436500,87000,508,7675,,original sound,originalsoundfromtrends,False
7610669097050705165,republicans,https://www.tiktok.com/@republicans/video/7610669097050705165,Democrats refusing to stand up. DISGUSTING. ,Democrats refusing to stand up. DISGUSTING. ,20260225,25,63300,4321,145,129,,Star Spangled (Bass Boosted),SNC,False
7610577845533805854,republicans,https://www.tiktok.com/@republicans/video/7610577845533805854,Thanks for stopping by @Lara Trump  🚨Tune in to Fox News Saturday at 9!,Thanks for stopping by @Lara Trump  🚨Tune in to Fox News Saturday at 9!,20260224,45,42700,878,45,21,,original sound,Republicans,False
7610558214731549965,republicans,https://www.tiktok.com/@republicans/video/7610558214731549965,🇺🇸🇺🇸🥇🥇,🇺🇸🇺🇸🥇🥇,20260224,17,213200,27900,374,782,,original sound,Swedish military edits,False
7610514109351628046,republicans,https://www.tiktok.com/@republicans/video/7610514109351628046,TONIGHT! 9pm ET! 🇺🇸🇺🇸🇺🇸🇺🇸,TONIGHT! 9pm ET! 🇺🇸🇺🇸🇺🇸🇺🇸,20260224,34,361700,70000,587,2959,,оригинальный звук,꧁𝕊𝕠𝕦𝕝꧂,False
7609511826925178142,republicans,https://www.tiktok.com/@republicans/video/7609511826925178142,🦅 > 🪿          #teamusa ,🦅 > 🪿          #teamusa ,20260222,16,1500000,202700,733,15200,,original sound,Republicans,False
7609361160101563661,republicans,https://www.tiktok.com/@republicans/video/7609361160101563661,‼️‼️‼️‼️,‼️‼️‼️‼️,20260221,17,293300,40300,1346,838,,original sound,𝒶𝓂𝒶𝒾 🌀☀️,False
7608698345996963102,republicans,https://www.tiktok.com/@republicans/video/7608698345996963102,🥇🥇🦅🦅,🥇🥇🦅🦅,20260219,5,203300,27200,194,502,,original sound,Republicans,False
7608625484557061406,republicans,https://www.tiktok.com/@republicans/video/7608625484557061406,👀👀,👀👀,20260219,18,72000,3242,115,112,,original sound,Republicans,False
7608302149281303838,republicans,https://www.tiktok.com/@republicans/video/7608302149281303838,TikTok video #7608302149281303838,,20260218,53,49200,1108,95,33,,original sound,Republicans,False
7608284566255586590,republicans,https://www.tiktok.com/@republicans/video/7608284566255586590,It’s always warm right here 🫶🇺🇸,It’s always warm right here 🫶🇺🇸,20260218,6,59600,4970,119,75,,original sound,K,False
7607935469111872782,republicans,https://www.tiktok.com/@republicans/video/7607935469111872782,Spot the difference: AOC at the Munich Security Conference…,Spot the difference: AOC at the Munich Security Conference…,20260217,60,53600,1331,80,91,,original sound,Republicans,False
7607890543649099021,republicans,https://www.tiktok.com/@republicans/video/7607890543649099021,So true chuck! ,So true chuck! ,20260217,34,233400,23200,951,5354,,original sound,Republicans,False
7607535043669413151,republicans,https://www.tiktok.com/@republicans/video/7607535043669413151,Celebrating the greats… and the not so greats,Celebrating the greats… and the not so greats,20260216,14,132500,14200,183,545,,slayed atasteofmamas,Sharon,False
7607481173157104927,republicans,https://www.tiktok.com/@republicans/video/7607481173157104927,🤍🇺🇸🦅,🤍🇺🇸🦅,20260216,12,764300,125300,2130,6155,,original sound,Country Jukebox,False
7606489989827939597,republicans,https://www.tiktok.com/@republicans/video/7606489989827939597,Find someone who loves you as much as Democrats love illegal criminal...,Find someone who loves you as much as Democrats love illegal criminals. 💕,20260213,16,79900,2166,176,160,,original sound,Izzy,False
7606383682504396063,republicans,https://www.tiktok.com/@republicans/video/7606383682504396063,No place like home 🫡🇺🇸,No place like home 🫡🇺🇸,20260213,14,383100,74000,1046,1681,,original sound,daisy 🦕💿,False
7606071658503277855,republicans,https://www.tiktok.com/@republicans/video/7606071658503277855,🤡,🤡,20260212,28,341700,44200,644,3476,,Stupid thief's stealthy steps [Comedy-style drama accompaniment] (991302),SoLaTiDo,False
7606007468929355038,republicans,https://www.tiktok.com/@republicans/video/7606007468929355038,Happy birthday to a real one 🫡🇺🇸,Happy birthday to a real one 🫡🇺🇸,20260212,8,76500,4564,179,314,,sorry for party rocking,♟️,False
7605993781615168781,republicans,https://www.tiktok.com/@republicans/video/7605993781615168781,"Democrats are lying to you: Americans support voter ID, and It has ne...","Democrats are lying to you: Americans support voter ID, and It has never been easier to get an ID.",20260212,73,47700,1421,77,38,,original sound,Republicans,False
7605657363239963935,republicans,https://www.tiktok.com/@republicans/video/7605657363239963935,All we really needed was a new president 🤝,All we really needed was a new president 🤝,20260211,20,184100,25900,469,784,,original sound,LosYamiesTwins_22,False
7605340729879186702,republicans,https://www.tiktok.com/@republicans/video/7605340729879186702,Its really not that complicated.,Its really not that complicated.,20260210,12,1600000,144000,1451,811,,original sound,kat 𝜗𝜚,False
7604963770149997854,republicans,https://www.tiktok.com/@republicans/video/7604963770149997854,🦅🦅🦅,🦅🦅🦅,20260209,10,1300000,243900,1431,6826,,original sound,Sara :),False
7604896695511551245,republicans,https://www.tiktok.com/@republicans/video/7604896695511551245,COMMON SENSE! Securing our elections shouldn’t be controversial.,COMMON SENSE! Securing our elections shouldn’t be controversial.,20260209,12,143900,4699,235,64,,original sound,Academia21 Oriflame,False
7604304505315806477,republicans,https://www.tiktok.com/@republicans/video/7604304505315806477,Try harder 🥱,Try harder 🥱,20260208,10,557100,26000,1426,682,,original sound,Tark,False
7603874838624718111,republicans,https://www.tiktok.com/@republicans/video/7603874838624718111,Team USA has arrived! LET’S GO!!!🇺🇸🇺🇸🇺🇸 #teamusa ,Team USA has arrived! LET’S GO!!!🇺🇸🇺🇸🇺🇸 #teamusa ,20260206,38,502500,27400,1460,436,,America the Beautiful,Spirit of America Ensemble,False
7603841382733712670,republicans,https://www.tiktok.com/@republicans/video/7603841382733712670,Next…,Next…,20260206,14,1900000,271400,3324,46000,,USAAAAAAAAAAAAAA,Lawn,False
7603738478853033246,republicans,https://www.tiktok.com/@republicans/video/7603738478853033246,The silent majority is silent no longer. 🇺🇸🇺🇸🇺🇸,The silent majority is silent no longer. 🇺🇸🇺🇸🇺🇸,20260206,47,470000,35200,1290,1171,,original sound - LYRICS VISIONS,LYRICS VISIONS,False
7626553492777291039,republicans,https://www.tiktok.com/@republicans/video/7626553492777291039,⛳️🇺🇸 🦅 #masters ,⛳️🇺🇸 🦅 #masters ,20260409,12,97700,14000,284,291,,original sound,ForeGolfers,False
7623948788171918622,republicans,https://www.tiktok.com/@republicans/video/7623948788171918622,LIFTOFF 🫡🇺🇸🚀,LIFTOFF 🫡🇺🇸🚀,20260402,22,156600,18300,161,864,,original sound,Republicans,False
7623845717160889631,republicans,https://www.tiktok.com/@republicans/video/7623845717160889631,Don’t drink and tweet ,Don’t drink and tweet ,20260401,30,176300,10800,206,354,,original sound,brandon,False
7605715027315739918,republicans,https://www.tiktok.com/@republicans/video/7605715027315739918,USA women’s hockey DOMINATES Canada!! 🦅🦅🦅🦅🦅🦅🦅🦅🦅🦅🦅🦅🦅🦅🦅🦅🦅🦅🦅🦅🦅🦅🦅🦅🦅🦅🦅🦅🦅🦅🦅...,USA women’s hockey DOMINATES Canada!! 🦅🦅🦅🦅🦅🦅🦅🦅🦅🦅🦅🦅🦅🦅🦅🦅🦅🦅🦅🦅🦅🦅🦅🦅🦅🦅🦅🦅🦅🦅🦅🦅🦅🦅🦅🦅🦅🦅🦅🦅🦅🦅🦅🦅🦅🦅🦅🦅🦅🦅🦅🦅LFG!🦅🦅🦅🦅🦅🦅🦅🦅🦅🦅🦅🦅🦅🦅🦅🦅🦅🦅🦅🦅🦅🦅🦅🦅🦅🦅🦅🦅🦅🦅🦅,20260211,11,68400,1697,123,41,,original sound,Swedish military edits,False
7604544379436518686,republicans,https://www.tiktok.com/@republicans/video/7604544379436518686,Built different. 🥇🇺🇸 #teamusa ,Built different. 🥇🇺🇸 #teamusa ,20260208,17,344300,36800,759,785,,original sound,ajm_films,False
